{
  "language_count":
  [
    {"percent": 10.125316689154428, "rest": 89.87468331084557}
  ],
  "birth_country":
  [
    {"percent": 20.065465174984947, "rest": 79.93453482501505}
  ],
  "language_at_home":
  [
    {"percent": 25.12440677872882, "rest": 74.87559322127117}
  ]
}